MOM_ID	SAS_ID	PROJECT	PREDECESSOR_MOM_ID	PREDECESSOR_SAS_ID	STORAGE_MANAGER	SPACE_USED	CHANNELWIDTH	MAX_EXPOSURE	MIN_EXPOSURE	NR_CORRELATED
519718	343386	LC4_014	519717	343384	CasaStorageManagers	0.35517185024	97656.25	21599.0	21599.0	48
519720	343390	LC4_014	519719	343388	CasaStorageManagers	0.3551718912	97656.25	21599.0	21599.0	48
519722	343394	LC4_014	519721	343392	CasaStorageManagers	0.35517175808	97656.25	21599.0	21599.0	48
519724	343398	LC4_014	519723	343396	CasaStorageManagers	0.35517172736	97656.25	21599.0	21599.0	48
519726	343402	LC4_014	519725	343400	CasaStorageManagers	0.3551719936	97656.25	21599.0	21599.0	48
519728	343406	LC4_014	519727	343404	CasaStorageManagers	0.35517186048	97656.25	21599.0	21599.0	48
519730	343410	LC4_014	519729	343408	CasaStorageManagers	0.35517177856	97656.25	21599.0	21599.0	48
519732	343414	LC4_014	519731	343412	CasaStorageManagers	0.35517193216	97656.25	21599.0	21599.0	48
519734	343418	LC4_014	519733	343416	CasaStorageManagers	0.35517170688	97656.25	21599.0	21599.0	48
522018	344588	LC4_014	522017	344586	CasaStorageManagers	0.3655469568	97656.25	21599.0	21599.0	48
522020	344592	LC4_014	522019	344590	CasaStorageManagers	0.36554810368	97656.25	21599.0	21599.0	48
522022	344596	LC4_014	522021	344594	CasaStorageManagers	0.3655470592	97656.25	21599.0	21599.0	48
522024	344600	LC4_014	522023	344598	CasaStorageManagers	0.36554688512	97656.25	21599.0	21599.0	48
522026	344604	LC4_014	522025	344602	CasaStorageManagers	0.36554809344	97656.25	21599.0	21599.0	48
522028	344608	LC4_014	522027	344606	CasaStorageManagers	0.3655513088	97656.25	21599.0	21599.0	48
522030	344612	LC4_014	522029	344610	CasaStorageManagers	0.3655510016	97656.25	21599.0	21599.0	48
522032	344616	LC4_014	522031	344614	CasaStorageManagers	0.36555119616	97656.25	21599.0	21599.0	48
522034	344620	LC4_014	522033	344618	CasaStorageManagers	0.36555075584	97656.25	21599.0	21599.0	48
530106	400909	LC4_007	530105	350856	CasaStorageManagers	0.00392184832	48828.125	1802.0	1802.0	1
530108	400907	LC4_007	530107	350860	CasaStorageManagers	0.00392184832	48828.125	1802.0	1802.0	1
530110	400889	LC4_007	530109	350864	CasaStorageManagers	0.00392184832	48828.125	1802.0	1802.0	1
530112	400905	LC4_007	530111	350868	CasaStorageManagers	0.00392184832	48828.125	1802.0	1802.0	1
530114	400901	LC4_007	530113	400903	CasaStorageManagers	0.00392184832	48828.125	1802.0	1802.0	1
530116	400899	LC4_007	530115	350876	CasaStorageManagers	0.00392184832	48828.125	1802.0	1802.0	1
530118	400897	LC4_007	530117	350880	CasaStorageManagers	0.00392184832	48828.125	1802.0	1802.0	1
530120	400893	LC4_007	530119	400895	CasaStorageManagers	0.00392184832	48828.125	1802.0	1802.0	1
530122	400891	LC4_007	530121	350888	CasaStorageManagers	0.00392184832	48828.125	1802.0	1802.0	1
530124	400887	LC4_007	530123	350892	CasaStorageManagers	0.00392184832	48828.125	1802.0	1802.0	1
530126	400883	LC4_007	530125	400885	CasaStorageManagers	0.00392184832	48828.125	1802.0	1802.0	1
530128	400881	LC4_007	530127	387727	CasaStorageManagers	0.00392184832	48828.125	1802.0	1802.0	1
530130	400877	LC4_007	530129	400879	CasaStorageManagers	0.00392184832	48828.125	1802.0	1802.0	1
530132	400873	LC4_007	530131	400875	CasaStorageManagers	0.00392184832	48828.125	1802.0	1802.0	1
530134	400871	LC4_007	530133	400853	CasaStorageManagers	0.00392184832	48828.125	1802.0	1802.0	1
530136	400867	LC4_007	530135	400869	CasaStorageManagers	0.00392184832	48828.125	1802.0	1802.0	1
530138	400863	LC4_007	530137	400865	CasaStorageManagers	0.00392184832	48828.125	1802.0	1802.0	1
530140	400859	LC4_007	530139	400861	CasaStorageManagers	0.00392184832	48828.125	1802.0	1802.0	1
530142	400855	LC4_007	530141	400857	CasaStorageManagers	0.00392184832	48828.125	1802.0	1802.0	1
530144	400849	LC4_007	530143	400851	CasaStorageManagers	0.00392184832	48828.125	1802.0	1802.0	1
530146	400847	LC4_007	530145	387691	CasaStorageManagers	0.00392184832	48828.125	1802.0	1802.0	1
530148	400845	LC4_007	530147	387687	CasaStorageManagers	0.00392184832	48828.125	1802.0	1802.0	1
530150	400841	LC4_007	530149	400843	CasaStorageManagers	0.00392184832	48828.125	1802.0	1802.0	1
530152	400837	LC4_007	530151	400839	CasaStorageManagers	0.00392184832	48828.125	1802.0	1802.0	1
530154	400833	LC4_007	530153	400835	CasaStorageManagers	0.00392184832	48828.125	1802.0	1802.0	1
530156	400829	LC4_007	530155	400831	CasaStorageManagers	0.00392184832	48828.125	1802.0	1802.0	1
530158	400825	LC4_007	530157	400827	CasaStorageManagers	0.00392184832	48828.125	1802.0	1802.0	1
530160	400821	LC4_007	530159	400823	CasaStorageManagers	0.00392184832	48828.125	1802.0	1802.0	1
530162	400819	LC4_007	530161	350968	CasaStorageManagers	0.00392184832	48828.125	1802.0	1802.0	1
530164	400817	LC4_007	530163	350972	CasaStorageManagers	0.00392184832	48828.125	1802.0	1802.0	1
530166	400797	LC4_007	530165	350976	CasaStorageManagers	0.00392184832	48828.125	1802.0	1802.0	1
530168	400815	LC4_007	530167	350980	CasaStorageManagers	0.00392184832	48828.125	1802.0	1802.0	1
530170	400813	LC4_007	530169	350984	CasaStorageManagers	0.00392184832	48828.125	1802.0	1802.0	1
530172	400809	LC4_007	530171	400811	CasaStorageManagers	0.00392184832	48828.125	1802.0	1802.0	1
530174	400807	LC4_007	530173	350992	CasaStorageManagers	0.00392184832	48828.125	1802.0	1802.0	1
530176	400805	LC4_007	530175	350996	CasaStorageManagers	0.00392184832	48828.125	1802.0	1802.0	1
530178	400803	LC4_007	530177	351000	CasaStorageManagers	0.00392184832	48828.125	1802.0	1802.0	1
530180	400801	LC4_007	530179	351004	CasaStorageManagers	0.00392184832	48828.125	1802.0	1802.0	1
530182	400799	LC4_007	530181	351008	CasaStorageManagers	0.00392184832	48828.125	1802.0	1802.0	1
530184	400781	LC4_007	530183	351012	CasaStorageManagers	0.00392184832	48828.125	1802.0	1802.0	1
530186	400779	LC4_007	530185	351016	CasaStorageManagers	0.00392184832	48828.125	1802.0	1802.0	1
530188	400777	LC4_007	530187	351020	CasaStorageManagers	0.00392184832	48828.125	1802.0	1802.0	1
530190	400795	LC4_007	530189	351024	CasaStorageManagers	0.00392184832	48828.125	1802.0	1802.0	1
530192	400793	LC4_007	530191	351028	CasaStorageManagers	0.00392184832	48828.125	1802.0	1802.0	1
530194	400791	LC4_007	530193	351032	CasaStorageManagers	0.00392184832	48828.125	1802.0	1802.0	1
530196	400789	LC4_007	530195	351036	CasaStorageManagers	0.00392184832	48828.125	1802.0	1802.0	1
530198	400787	LC4_007	530197	401301	CasaStorageManagers	0.00392184832	48828.125	1802.0	1802.0	1
530200	400785	LC4_007	530199	401305	CasaStorageManagers	0.00392184832	48828.125	1802.0	1802.0	1
530202	400783	LC4_007	530201	351048	CasaStorageManagers	0.00392184832	48828.125	1802.0	1802.0	1
530204	400775	LC4_007	530203	351052	CasaStorageManagers	0.00392184832	48828.125	1802.0	1802.0	1
530206	400773	LC4_007	530205	401019	CasaStorageManagers	0.00392184832	48828.125	1802.0	1802.0	1
530208	400771	LC4_007	530207	351060	CasaStorageManagers	0.00392184832	48828.125	1802.0	1802.0	1
530210	400769	LC4_007	530209	351064	CasaStorageManagers	0.00392184832	48828.125	1802.0	1802.0	1
530212	400767	LC4_007	530211	351068	CasaStorageManagers	0.00392184832	48828.125	1802.0	1802.0	1
530214	400765	LC4_007	530213	351072	CasaStorageManagers	0.00392184832	48828.125	1802.0	1802.0	1
574733	367876	LC4_007	574732	367874	CasaStorageManagers	0.00428873728	48828.125	1802.0	1802.0	1
574735	367880	LC4_007	574734	367878	CasaStorageManagers	0.00428873728	48828.125	1802.0	1802.0	1
574737	367884	LC4_007	574736	367882	CasaStorageManagers	0.00428873728	48828.125	1802.0	1802.0	1
574739	367888	LC4_007	574738	367886	CasaStorageManagers	0.00428873728	48828.125	1802.0	1802.0	1
574741	367892	LC4_007	574740	367890	CasaStorageManagers	0.00428873728	48828.125	1802.0	1802.0	1
574743	367896	LC4_007	574742	367894	CasaStorageManagers	0.00428873728	48828.125	1802.0	1802.0	1
574745	367900	LC4_007	574744	367898	CasaStorageManagers	0.00428873728	48828.125	1802.0	1802.0	1
574747	367904	LC4_007	574746	367902	CasaStorageManagers	0.00428873728	48828.125	1802.0	1802.0	1
574749	367908	LC4_007	574748	367906	CasaStorageManagers	0.00428873728	48828.125	1802.0	1802.0	1
574751	367912	LC4_007	574750	367910	CasaStorageManagers	0.00428873728	48828.125	1802.0	1802.0	1
574753	367916	LC4_007	574752	367914	CasaStorageManagers	0.00428873728	48828.125	1802.0	1802.0	1
574755	367920	LC4_007	574754	367918	CasaStorageManagers	0.00428873728	48828.125	1802.0	1802.0	1
574757	367924	LC4_007	574756	367922	CasaStorageManagers	0.00428873728	48828.125	1802.0	1802.0	1
574759	367928	LC4_007	574758	367926	CasaStorageManagers	0.00428873728	48828.125	1802.0	1802.0	1
574761	367932	LC4_007	574760	367930	CasaStorageManagers	0.00428873728	48828.125	1802.0	1802.0	1
574763	367936	LC4_007	574762	367934	CasaStorageManagers	0.00428873728	48828.125	1802.0	1802.0	1
574765	367940	LC4_007	574764	367938	CasaStorageManagers	0.00428873728	48828.125	1802.0	1802.0	1
574767	367944	LC4_007	574766	367942	CasaStorageManagers	0.00428873728	48828.125	1802.0	1802.0	1
574769	367948	LC4_007	574768	367946	CasaStorageManagers	0.00428873728	48828.125	1802.0	1802.0	1
574771	367952	LC4_007	574770	367950	CasaStorageManagers	0.00428873728	48828.125	1802.0	1802.0	1
574773	367956	LC4_007	574772	367954	CasaStorageManagers	0.00428873728	48828.125	1802.0	1802.0	1
574775	367960	LC4_007	574774	367958	CasaStorageManagers	0.00428873728	48828.125	1802.0	1802.0	1
574777	367964	LC4_007	574776	367962	CasaStorageManagers	0.00428873728	48828.125	1802.0	1802.0	1
574779	367968	LC4_007	574778	367966	CasaStorageManagers	0.00428873728	48828.125	1802.0	1802.0	1
574781	367972	LC4_007	574780	367970	CasaStorageManagers	0.00428873728	48828.125	1802.0	1802.0	1
574783	367976	LC4_007	574782	367974	CasaStorageManagers	0.00428873728	48828.125	1802.0	1802.0	1
574785	367980	LC4_007	574784	367978	CasaStorageManagers	0.00428873728	48828.125	1802.0	1802.0	1
574787	367984	LC4_007	574786	367982	CasaStorageManagers	0.00428873728	48828.125	1802.0	1802.0	1
574789	367988	LC4_007	574788	367986	CasaStorageManagers	0.00428873728	48828.125	1802.0	1802.0	1
574791	367992	LC4_007	574790	367990	CasaStorageManagers	0.00428873728	48828.125	1802.0	1802.0	1
574793	367996	LC4_007	574792	367994	CasaStorageManagers	0.00428873728	48828.125	1802.0	1802.0	1
574795	368000	LC4_007	574794	367998	CasaStorageManagers	0.00428873728	48828.125	1802.0	1802.0	1
574797	368004	LC4_007	574796	368002	CasaStorageManagers	0.00428873728	48828.125	1802.0	1802.0	1
574799	368008	LC4_007	574798	368006	CasaStorageManagers	0.00428873728	48828.125	1802.0	1802.0	1
574801	368012	LC4_007	574800	368010	CasaStorageManagers	0.00428873728	48828.125	1802.0	1802.0	1
574807	368024	LC4_007	574806	368022	CasaStorageManagers	0.00428873728	48828.125	1802.0	1802.0	1
574809	368028	LC4_007	574808	368026	CasaStorageManagers	0.00428873728	48828.125	1802.0	1802.0	1
574811	368032	LC4_007	574810	368030	CasaStorageManagers	0.00428873728	48828.125	1802.0	1802.0	1
574813	368036	LC4_007	574812	368034	CasaStorageManagers	0.00428873728	48828.125	1802.0	1802.0	1
574815	368040	LC4_007	574814	368038	CasaStorageManagers	0.00428873728	48828.125	1802.0	1802.0	1
574817	368044	LC4_007	574816	368042	CasaStorageManagers	0.00428873728	48828.125	1802.0	1802.0	1
574819	368048	LC4_007	574818	368046	CasaStorageManagers	0.00428873728	48828.125	1802.0	1802.0	1
574821	368052	LC4_007	574820	368050	CasaStorageManagers	0.00428873728	48828.125	1802.0	1802.0	1
574823	368056	LC4_007	574822	368054	CasaStorageManagers	0.00428873728	48828.125	1802.0	1802.0	1
574825	368060	LC4_007	574824	368058	CasaStorageManagers	0.00428873728	48828.125	1802.0	1802.0	1
574827	368064	LC4_007	574826	368062	CasaStorageManagers	0.00428873728	48828.125	1802.0	1802.0	1
574829	368068	LC4_007	574828	368066	CasaStorageManagers	0.00428873728	48828.125	1802.0	1802.0	1
574831	368072	LC4_007	574830	368070	CasaStorageManagers	0.00428873728	48828.125	1802.0	1802.0	1
574833	368076	LC4_007	574832	368074	CasaStorageManagers	0.00428873728	48828.125	1802.0	1802.0	1
574835	368080	LC4_007	574834	368078	CasaStorageManagers	0.00428873728	48828.125	1802.0	1802.0	1
574837	368084	LC4_007	574836	368082	CasaStorageManagers	0.00428873728	48828.125	1802.0	1802.0	1
574839	368088	LC4_007	574838	368086	CasaStorageManagers	0.00428873728	48828.125	1802.0	1802.0	1
574982	372606	LC4_007	574981	372604	CasaStorageManagers	0.00493647872	48828.125	1802.0	1802.0	1
574984	372610	LC4_007	574983	372608	CasaStorageManagers	0.00493647872	48828.125	1802.0	1802.0	1
574986	372614	LC4_007	574985	372612	CasaStorageManagers	0.00493647872	48828.125	1802.0	1802.0	1
574988	372618	LC4_007	574987	372616	CasaStorageManagers	0.00493647872	48828.125	1802.0	1802.0	1
574990	372622	LC4_007	574989	372620	CasaStorageManagers	0.00493647872	48828.125	1802.0	1802.0	1
574992	372626	LC4_007	574991	372624	CasaStorageManagers	0.00493647872	48828.125	1802.0	1802.0	1
574994	372630	LC4_007	574993	372628	CasaStorageManagers	0.00493647872	48828.125	1802.0	1802.0	1
574996	372634	LC4_007	574995	372632	CasaStorageManagers	0.00493647872	48828.125	1802.0	1802.0	1
574998	372638	LC4_007	574997	372636	CasaStorageManagers	0.00493647872	48828.125	1802.0	1802.0	1
575000	372642	LC4_007	574999	372640	CasaStorageManagers	0.00493647872	48828.125	1802.0	1802.0	1
575002	372646	LC4_007	575001	372644	CasaStorageManagers	0.00493647872	48828.125	1802.0	1802.0	1
575004	372650	LC4_007	575003	372648	CasaStorageManagers	0.00493647872	48828.125	1802.0	1802.0	1
575006	372654	LC4_007	575005	372652	CasaStorageManagers	0.00493647872	48828.125	1802.0	1802.0	1
575008	372658	LC4_007	575007	372656	CasaStorageManagers	0.00493647872	48828.125	1802.0	1802.0	1
575010	372662	LC4_007	575009	372660	CasaStorageManagers	0.00493647872	48828.125	1802.0	1802.0	1
575012	372666	LC4_007	575011	372664	CasaStorageManagers	0.00493647872	48828.125	1802.0	1802.0	1
575014	372670	LC4_007	575013	372668	CasaStorageManagers	0.00493647872	48828.125	1802.0	1802.0	1
575016	372674	LC4_007	575015	372672	CasaStorageManagers	0.00493647872	48828.125	1802.0	1802.0	1
575018	372678	LC4_007	575017	372676	CasaStorageManagers	0.00493647872	48828.125	1802.0	1802.0	1
575020	372682	LC4_007	575019	372680	CasaStorageManagers	0.00493647872	48828.125	1802.0	1802.0	1
575022	372686	LC4_007	575021	372684	CasaStorageManagers	0.00493647872	48828.125	1802.0	1802.0	1
575024	372690	LC4_007	575023	372688	CasaStorageManagers	0.00493647872	48828.125	1802.0	1802.0	1
575026	372694	LC4_007	575025	372692	CasaStorageManagers	0.00493647872	48828.125	1802.0	1802.0	1
575028	372698	LC4_007	575027	372696	CasaStorageManagers	0.00493647872	48828.125	1802.0	1802.0	1
575030	372702	LC4_007	575029	372700	CasaStorageManagers	0.00493647872	48828.125	1802.0	1802.0	1
575032	372706	LC4_007	575031	372704	CasaStorageManagers	0.00493647872	48828.125	1802.0	1802.0	1
575034	372710	LC4_007	575033	372708	CasaStorageManagers	0.00493647872	48828.125	1802.0	1802.0	1
575036	372714	LC4_007	575035	372712	CasaStorageManagers	0.00493647872	48828.125	1802.0	1802.0	1
575038	372718	LC4_007	575037	372716	CasaStorageManagers	0.00493647872	48828.125	1802.0	1802.0	1
575040	372722	LC4_007	575039	372720	CasaStorageManagers	0.00493647872	48828.125	1802.0	1802.0	1
575042	372726	LC4_007	575041	372724	CasaStorageManagers	0.00493647872	48828.125	1802.0	1802.0	1
575044	372730	LC4_007	575043	372728	CasaStorageManagers	0.00493647872	48828.125	1802.0	1802.0	1
575046	372734	LC4_007	575045	372732	CasaStorageManagers	0.00493647872	48828.125	1802.0	1802.0	1
575048	372738	LC4_007	575047	372736	CasaStorageManagers	0.00493647872	48828.125	1802.0	1802.0	1
575050	372742	LC4_007	575049	372740	CasaStorageManagers	0.00493647872	48828.125	1802.0	1802.0	1
575052	372746	LC4_007	575051	372744	CasaStorageManagers	0.00493647872	48828.125	1802.0	1802.0	1
575054	372750	LC4_007	575053	372748	CasaStorageManagers	0.00493647872	48828.125	1802.0	1802.0	1
575056	372754	LC4_007	575055	372752	CasaStorageManagers	0.00493647872	48828.125	1802.0	1802.0	1
575058	372758	LC4_007	575057	372756	CasaStorageManagers	0.00493647872	48828.125	1802.0	1802.0	1
575060	372762	LC4_007	575059	372760	CasaStorageManagers	0.00493647872	48828.125	1802.0	1802.0	1
575062	372766	LC4_007	575061	372764	CasaStorageManagers	0.00493647872	48828.125	1802.0	1802.0	1
575064	372770	LC4_007	575063	372768	CasaStorageManagers	0.00493647872	48828.125	1802.0	1802.0	1
575066	372774	LC4_007	575065	372772	CasaStorageManagers	0.00493647872	48828.125	1802.0	1802.0	1
575068	372778	LC4_007	575067	372776	CasaStorageManagers	0.00493647872	48828.125	1802.0	1802.0	1
575070	372782	LC4_007	575069	372780	CasaStorageManagers	0.00493647872	48828.125	1802.0	1802.0	1
575072	372786	LC4_007	575071	372784	CasaStorageManagers	0.00493647872	48828.125	1802.0	1802.0	1
575074	372790	LC4_007	575073	372788	CasaStorageManagers	0.00493647872	48828.125	1802.0	1802.0	1
575076	372794	LC4_007	575075	372792	CasaStorageManagers	0.00493647872	48828.125	1802.0	1802.0	1
575078	372798	LC4_007	575077	372796	CasaStorageManagers	0.00493647872	48828.125	1802.0	1802.0	1
575080	372802	LC4_007	575079	372800	CasaStorageManagers	0.00493647872	48828.125	1802.0	1802.0	1
575082	372806	LC4_007	575081	372804	CasaStorageManagers	0.00493647872	48828.125	1802.0	1802.0	1
578306	370540	Commissioning2015	578305	370538	CasaStorageManagers	3.7140037632	6103.515625	3600.0	3600.0	15
578308	370544	Commissioning2015	578307	370542	CasaStorageManagers	3.7140037632	6103.515625	3600.0	3600.0	15
578318	370558	Commissioning2015	578317	370556	CasaStorageManagers	3.7140037632	6103.515625	3600.0	3600.0	15
606568	421083	Commissioning2015	606567	421075	CasaStorageManagers	3.71400379392	6103.515625	3600.0	3600.0	15
622139	425951	LC5_022	622138	425141	CasaStorageManagers	0.19326918656	48828.125	1442.0	1442.0	410
622147	425969	LC5_022	622146	425153	CasaStorageManagers	0.19326237696	48828.125	1442.0	1442.0	410
622155	425967	LC5_022	622154	425165	CasaStorageManagers	0.19373443072	48828.125	1442.0	1442.0	411
622163	425965	LC5_022	622162	425177	CasaStorageManagers	0.19372577792	48828.125	1442.0	1442.0	411
622171	425963	LC5_022	622170	425189	CasaStorageManagers	0.19373423616	48828.125	1442.0	1442.0	411
622179	425961	LC5_022	622178	425201	CasaStorageManagers	0.19373590528	48828.125	1442.0	1442.0	411
622187	425959	LC5_022	622186	425213	CasaStorageManagers	0.19232231424	48828.125	1442.0	1442.0	408
622195	425957	LC5_022	622194	425225	CasaStorageManagers	0.19373715456	48828.125	1442.0	1442.0	411
622203	425955	LC5_022	622202	425237	CasaStorageManagers	0.19326087168	48828.125	1442.0	1442.0	410
622211	425953	LC5_022	622210	425249	CasaStorageManagers	0.19372982272	48828.125	1442.0	1442.0	411
628812	425575	LT5_006	628811	425573	CasaStorageManagers	0.01389441024	12207.03125	1502.0	1502.0	1
628814	425579	LT5_006	628813	425577	CasaStorageManagers	0.01389441024	12207.03125	1502.0	1502.0	1
628816	425583	LT5_006	628815	425581	CasaStorageManagers	0.01389441024	12207.03125	1502.0	1502.0	1
628818	425587	LT5_006	628817	425585	CasaStorageManagers	0.01389441024	12207.03125	1502.0	1502.0	1
628820	425591	LT5_006	628819	425589	CasaStorageManagers	0.01389441024	12207.03125	1502.0	1502.0	1
628822	425595	LT5_006	628821	425593	CasaStorageManagers	0.01389441024	12207.03125	1502.0	1502.0	1
628824	425599	LT5_006	628823	425597	CasaStorageManagers	0.01389441024	12207.03125	1502.0	1502.0	1
628826	425603	LT5_006	628825	425601	CasaStorageManagers	0.01389441024	12207.03125	1502.0	1502.0	1
628828	425607	LT5_006	628827	425605	CasaStorageManagers	0.01389441024	12207.03125	1502.0	1502.0	1
628830	425611	LT5_006	628829	425609	CasaStorageManagers	0.01389441024	12207.03125	1502.0	1502.0	1
628832	425615	LT5_006	628831	425613	CasaStorageManagers	0.01389441024	12207.03125	1502.0	1502.0	1
628834	425619	LT5_006	628833	425617	CasaStorageManagers	0.01389441024	12207.03125	1502.0	1502.0	1
628836	425623	LT5_006	628835	425621	CasaStorageManagers	0.01389441024	12207.03125	1502.0	1502.0	1
628838	425627	LT5_006	628837	425625	CasaStorageManagers	0.01389441024	12207.03125	1502.0	1502.0	1
628840	425631	LT5_006	628839	425629	CasaStorageManagers	0.01389441024	12207.03125	1502.0	1502.0	1
628842	425635	LT5_006	628841	425633	CasaStorageManagers	0.01389441024	12207.03125	1502.0	1502.0	1
628844	425639	LT5_006	628843	425637	CasaStorageManagers	0.01389441024	12207.03125	1502.0	1502.0	1
628846	425643	LT5_006	628845	425641	CasaStorageManagers	0.01389441024	12207.03125	1502.0	1502.0	1
628848	425647	LT5_006	628847	425645	CasaStorageManagers	0.01389441024	12207.03125	1502.0	1502.0	1
628850	425651	LT5_006	628849	425649	CasaStorageManagers	0.01389441024	12207.03125	1502.0	1502.0	1
628852	425655	LT5_006	628851	425653	CasaStorageManagers	0.01389441024	12207.03125	1502.0	1502.0	1
628854	425659	LT5_006	628853	425657	CasaStorageManagers	0.01389441024	12207.03125	1502.0	1502.0	1
628856	425663	LT5_006	628855	425661	CasaStorageManagers	0.01389441024	12207.03125	1502.0	1502.0	1
628858	425667	LT5_006	628857	425665	CasaStorageManagers	0.01389441024	12207.03125	1502.0	1502.0	1
628860	425671	LT5_006	628859	425669	CasaStorageManagers	0.01389441024	12207.03125	1502.0	1502.0	1
628862	425675	LT5_006	628861	425673	CasaStorageManagers	0.01389441024	12207.03125	1502.0	1502.0	1
628864	425679	LT5_006	628863	425677	CasaStorageManagers	0.01389441024	12207.03125	1502.0	1502.0	1
628866	425683	LT5_006	628865	425681	CasaStorageManagers	0.01389441024	12207.03125	1502.0	1502.0	1
628868	425687	LT5_006	628867	425685	CasaStorageManagers	0.01389441024	12207.03125	1502.0	1502.0	1
628870	425691	LT5_006	628869	425689	CasaStorageManagers	0.01389441024	12207.03125	1502.0	1502.0	1
628872	425695	LT5_006	628871	425693	CasaStorageManagers	0.01389441024	12207.03125	1502.0	1502.0	1
628874	425699	LT5_006	628873	425697	CasaStorageManagers	0.01389441024	12207.03125	1502.0	1502.0	1
628876	425703	LT5_006	628875	425701	CasaStorageManagers	0.01389441024	12207.03125	1502.0	1502.0	1
628878	425707	LT5_006	628877	425705	CasaStorageManagers	0.01389441024	12207.03125	1502.0	1502.0	1
628880	425711	LT5_006	628879	425709	CasaStorageManagers	0.01389441024	12207.03125	1502.0	1502.0	1
628882	425715	LT5_006	628881	425713	CasaStorageManagers	0.01389441024	12207.03125	1502.0	1502.0	1
628884	425719	LT5_006	628883	425717	CasaStorageManagers	0.01389441024	12207.03125	1502.0	1502.0	1
628886	425723	LT5_006	628885	425721	CasaStorageManagers	0.01389441024	12207.03125	1502.0	1502.0	1
628888	425727	LT5_006	628887	425725	CasaStorageManagers	0.01389441024	12207.03125	1502.0	1502.0	1
628890	425731	LT5_006	628889	425729	CasaStorageManagers	0.01389441024	12207.03125	1502.0	1502.0	1
628892	425735	LT5_006	628891	425733	CasaStorageManagers	0.01389441024	12207.03125	1502.0	1502.0	1
628894	425739	LT5_006	628893	425737	CasaStorageManagers	0.01389441024	12207.03125	1502.0	1502.0	1
628896	425743	LT5_006	628895	425741	CasaStorageManagers	0.01389441024	12207.03125	1502.0	1502.0	1
628898	425747	LT5_006	628897	425745	CasaStorageManagers	0.01389441024	12207.03125	1502.0	1502.0	1
628900	425751	LT5_006	628899	425749	CasaStorageManagers	0.01389441024	12207.03125	1502.0	1502.0	1
628902	425755	LT5_006	628901	425753	CasaStorageManagers	0.01389441024	12207.03125	1502.0	1502.0	1
628904	425759	LT5_006	628903	425757	CasaStorageManagers	0.01389441024	12207.03125	1502.0	1502.0	1
628906	425763	LT5_006	628905	425761	CasaStorageManagers	0.01389441024	12207.03125	1502.0	1502.0	1
628908	425767	LT5_006	628907	425765	CasaStorageManagers	0.01389441024	12207.03125	1502.0	1502.0	1
628910	425771	LT5_006	628909	425769	CasaStorageManagers	0.01389441024	12207.03125	1502.0	1502.0	1
628912	425775	LT5_006	628911	425773	CasaStorageManagers	0.01389441024	12207.03125	1502.0	1502.0	1
628914	425779	LT5_006	628913	425777	CasaStorageManagers	0.01389441024	12207.03125	1502.0	1502.0	1
628916	425783	LT5_006	628915	425781	CasaStorageManagers	0.01389441024	12207.03125	1502.0	1502.0	1
628918	425787	LT5_006	628917	425785	CasaStorageManagers	0.01389441024	12207.03125	1502.0	1502.0	1
628920	425791	LT5_006	628919	425789	CasaStorageManagers	0.01389441024	12207.03125	1502.0	1502.0	1
628922	425795	LT5_006	628921	425793	CasaStorageManagers	0.01389441024	12207.03125	1502.0	1502.0	1
628924	425799	LT5_006	628923	425797	CasaStorageManagers	0.01389441024	12207.03125	1502.0	1502.0	1
628926	425803	LT5_006	628925	425801	CasaStorageManagers	0.01389441024	12207.03125	1502.0	1502.0	1
628928	425807	LT5_006	628927	425805	CasaStorageManagers	0.01389441024	12207.03125	1502.0	1502.0	1
628930	425811	LT5_006	628929	425809	CasaStorageManagers	0.01389441024	12207.03125	1502.0	1502.0	1
630145	426596	LC5_022	630144	426594	CasaStorageManagers	0.1952182272	48828.125	1442.0	1442.0	403
630153	426608	LC5_022	630152	426606	CasaStorageManagers	0.19568770048	48828.125	1442.0	1442.0	404
630161	426620	LC5_022	630160	426618	CasaStorageManagers	0.19910944768	48828.125	1442.0	1442.0	411
630201	426680	LC5_022	630200	426678	CasaStorageManagers	0.19908786176	48828.125	1442.0	1442.0	411
631369	426834	LC5_020	631368	426832	CasaStorageManagers	0.0195190784	48828.125	841.0	841.0	8
631371	426838	LC5_020	631370	426836	CasaStorageManagers	0.0219589632	48828.125	841.0	841.0	9
631373	426842	LC5_020	631372	426840	CasaStorageManagers	0.0219589632	48828.125	841.0	841.0	9
631375	426846	LC5_020	631374	426844	CasaStorageManagers	0.0219589632	48828.125	841.0	841.0	9
631377	426850	LC5_020	631376	426848	CasaStorageManagers	0.0219589632	48828.125	841.0	841.0	9
631379	426854	LC5_020	631378	426852	CasaStorageManagers	0.0219589632	48828.125	841.0	841.0	9
636376	433182	LT5_006	636375	433180	CasaStorageManagers	0.01429899264	12207.03125	1502.0	1502.0	1
636378	433186	LT5_006	636377	433184	CasaStorageManagers	0.01429899264	12207.03125	1502.0	1502.0	1
636380	433190	LT5_006	636379	433188	CasaStorageManagers	0.01429899264	12207.03125	1502.0	1502.0	1
636382	433194	LT5_006	636381	433192	CasaStorageManagers	0.01429899264	12207.03125	1502.0	1502.0	1
636384	433198	LT5_006	636383	433196	CasaStorageManagers	0.01429899264	12207.03125	1502.0	1502.0	1
636386	433202	LT5_006	636385	433200	CasaStorageManagers	0.01429899264	12207.03125	1502.0	1502.0	1
636388	433206	LT5_006	636387	433204	CasaStorageManagers	0.01429899264	12207.03125	1502.0	1502.0	1
636390	433210	LT5_006	636389	433208	CasaStorageManagers	0.01429899264	12207.03125	1502.0	1502.0	1
636392	433214	LT5_006	636391	433212	CasaStorageManagers	0.01429899264	12207.03125	1502.0	1502.0	1
636394	433218	LT5_006	636393	433216	CasaStorageManagers	0.01429899264	12207.03125	1502.0	1502.0	1
636396	433222	LT5_006	636395	433220	CasaStorageManagers	0.01429899264	12207.03125	1502.0	1502.0	1
636398	433226	LT5_006	636397	433224	CasaStorageManagers	0.01429899264	12207.03125	1502.0	1502.0	1
636400	433230	LT5_006	636399	433228	CasaStorageManagers	0.01429899264	12207.03125	1502.0	1502.0	1
636402	433234	LT5_006	636401	433232	CasaStorageManagers	0.01429899264	12207.03125	1502.0	1502.0	1
636404	433238	LT5_006	636403	433236	CasaStorageManagers	0.01429899264	12207.03125	1502.0	1502.0	1
636406	433242	LT5_006	636405	433240	CasaStorageManagers	0.01429899264	12207.03125	1502.0	1502.0	1
636408	433246	LT5_006	636407	433244	CasaStorageManagers	0.01429899264	12207.03125	1502.0	1502.0	1
636410	433250	LT5_006	636409	433248	CasaStorageManagers	0.01429899264	12207.03125	1502.0	1502.0	1
636412	433254	LT5_006	636411	433252	CasaStorageManagers	0.01429899264	12207.03125	1502.0	1502.0	1
636414	433258	LT5_006	636413	433256	CasaStorageManagers	0.01429899264	12207.03125	1502.0	1502.0	1
636416	433262	LT5_006	636415	433260	CasaStorageManagers	0.01429899264	12207.03125	1502.0	1502.0	1
636418	433266	LT5_006	636417	433264	CasaStorageManagers	0.01429899264	12207.03125	1502.0	1502.0	1
636420	433270	LT5_006	636419	433268	CasaStorageManagers	0.01429899264	12207.03125	1502.0	1502.0	1
636422	433274	LT5_006	636421	433272	CasaStorageManagers	0.01429899264	12207.03125	1502.0	1502.0	1
636424	433278	LT5_006	636423	433276	CasaStorageManagers	0.01429899264	12207.03125	1502.0	1502.0	1
636426	433282	LT5_006	636425	433280	CasaStorageManagers	0.01429899264	12207.03125	1502.0	1502.0	1
636428	433286	LT5_006	636427	433284	CasaStorageManagers	0.01429899264	12207.03125	1502.0	1502.0	1
636430	433290	LT5_006	636429	433288	CasaStorageManagers	0.01429899264	12207.03125	1502.0	1502.0	1
636432	433294	LT5_006	636431	433292	CasaStorageManagers	0.01429899264	12207.03125	1502.0	1502.0	1
636434	433298	LT5_006	636433	433296	CasaStorageManagers	0.01429899264	12207.03125	1502.0	1502.0	1
636436	433302	LT5_006	636435	433300	CasaStorageManagers	0.01429899264	12207.03125	1502.0	1502.0	1
636438	433306	LT5_006	636437	433304	CasaStorageManagers	0.01429899264	12207.03125	1502.0	1502.0	1
636440	433310	LT5_006	636439	433308	CasaStorageManagers	0.01429899264	12207.03125	1502.0	1502.0	1
636442	433314	LT5_006	636441	433312	CasaStorageManagers	0.01429899264	12207.03125	1502.0	1502.0	1
636444	433318	LT5_006	636443	433316	CasaStorageManagers	0.01429899264	12207.03125	1502.0	1502.0	1
636446	433322	LT5_006	636445	433320	CasaStorageManagers	0.01429899264	12207.03125	1502.0	1502.0	1
636448	433326	LT5_006	636447	433324	CasaStorageManagers	0.01429899264	12207.03125	1502.0	1502.0	1
636450	433330	LT5_006	636449	433328	CasaStorageManagers	0.01429899264	12207.03125	1502.0	1502.0	1
636452	433334	LT5_006	636451	433332	CasaStorageManagers	0.01429899264	12207.03125	1502.0	1502.0	1
636454	433338	LT5_006	636453	433336	CasaStorageManagers	0.01429899264	12207.03125	1502.0	1502.0	1
636456	433342	LT5_006	636455	433340	CasaStorageManagers	0.01429899264	12207.03125	1502.0	1502.0	1
636458	433346	LT5_006	636457	433344	CasaStorageManagers	0.01429899264	12207.03125	1502.0	1502.0	1
636460	433350	LT5_006	636459	433348	CasaStorageManagers	0.01429899264	12207.03125	1502.0	1502.0	1
636462	433354	LT5_006	636461	433352	CasaStorageManagers	0.01429899264	12207.03125	1502.0	1502.0	1
636464	433358	LT5_006	636463	433356	CasaStorageManagers	0.01429899264	12207.03125	1502.0	1502.0	1
636466	433362	LT5_006	636465	433360	CasaStorageManagers	0.01429899264	12207.03125	1502.0	1502.0	1
636468	433366	LT5_006	636467	433364	CasaStorageManagers	0.01429899264	12207.03125	1502.0	1502.0	1
636470	433370	LT5_006	636469	433368	CasaStorageManagers	0.01429899264	12207.03125	1502.0	1502.0	1
636472	433374	LT5_006	636471	433372	CasaStorageManagers	0.01429899264	12207.03125	1502.0	1502.0	1
636474	433378	LT5_006	636473	433376	CasaStorageManagers	0.01429899264	12207.03125	1502.0	1502.0	1
636476	433382	LT5_006	636475	433380	CasaStorageManagers	0.01429899264	12207.03125	1502.0	1502.0	1
636478	433386	LT5_006	636477	433384	CasaStorageManagers	0.01429899264	12207.03125	1502.0	1502.0	1
636480	433390	LT5_006	636479	433388	CasaStorageManagers	0.01429899264	12207.03125	1502.0	1502.0	1
636482	433394	LT5_006	636481	433392	CasaStorageManagers	0.01429899264	12207.03125	1502.0	1502.0	1
636484	433398	LT5_006	636483	433396	CasaStorageManagers	0.01429899264	12207.03125	1502.0	1502.0	1
636486	433402	LT5_006	636485	433400	CasaStorageManagers	0.01429899264	12207.03125	1502.0	1502.0	1
636488	433406	LT5_006	636487	433404	CasaStorageManagers	0.01429899264	12207.03125	1502.0	1502.0	1
636490	433410	LT5_006	636489	433408	CasaStorageManagers	0.01429899264	12207.03125	1502.0	1502.0	1
636492	433414	LT5_006	636491	433412	CasaStorageManagers	0.01429899264	12207.03125	1502.0	1502.0	1
636494	433418	LT5_006	636493	433416	CasaStorageManagers	0.01429899264	12207.03125	1502.0	1502.0	1
684900	522026	TESTpostNETRECONFIG	684899	522028	CasaStorageManagers	0.02241921024	48828.125	300.0	300.0	248
722377	552823	LC6_021	722376	552821	CasaStorageManagers	0.0038820352	12207.03125	1506.0	1506.0	1
722379	552827	LC6_021	722378	552825	CasaStorageManagers	0.0038820352	12207.03125	1506.0	1506.0	1
722381	552831	LC6_021	722380	552829	CasaStorageManagers	0.0038820352	12207.03125	1506.0	1506.0	1
722383	552835	LC6_021	722382	552833	CasaStorageManagers	0.0038820352	12207.03125	1506.0	1506.0	1
722385	552839	LC6_021	722384	552837	CasaStorageManagers	0.0038820352	12207.03125	1506.0	1506.0	1
722387	552843	LC6_021	722386	552841	CasaStorageManagers	0.0038820352	12207.03125	1506.0	1506.0	1
722389	552847	LC6_021	722388	552845	CasaStorageManagers	0.0038820352	12207.03125	1506.0	1506.0	1
722391	552851	LC6_021	722390	552849	CasaStorageManagers	0.0038820352	12207.03125	1506.0	1506.0	1
722393	552855	LC6_021	722392	552853	CasaStorageManagers	0.0038820352	12207.03125	1506.0	1506.0	1
722395	552859	LC6_021	722394	552857	CasaStorageManagers	0.0038820352	12207.03125	1506.0	1506.0	1
722397	552863	LC6_021	722396	552861	CasaStorageManagers	0.0038820352	12207.03125	1506.0	1506.0	1
722399	552867	LC6_021	722398	552865	CasaStorageManagers	0.0038820352	12207.03125	1506.0	1506.0	1
722401	552871	LC6_021	722400	552869	CasaStorageManagers	0.0038820352	12207.03125	1506.0	1506.0	1
722403	552875	LC6_021	722402	552873	CasaStorageManagers	0.0038820352	12207.03125	1506.0	1506.0	1
722405	552879	LC6_021	722404	552877	CasaStorageManagers	0.0038820352	12207.03125	1506.0	1506.0	1
722407	552883	LC6_021	722406	552881	CasaStorageManagers	0.0038820352	12207.03125	1506.0	1506.0	1
722409	552887	LC6_021	722408	552885	CasaStorageManagers	0.0038820352	12207.03125	1506.0	1506.0	1
722411	552891	LC6_021	722410	552889	CasaStorageManagers	0.0038820352	12207.03125	1506.0	1506.0	1
722413	552895	LC6_021	722412	552893	CasaStorageManagers	0.0038820352	12207.03125	1506.0	1506.0	1
722415	552899	LC6_021	722414	552897	CasaStorageManagers	0.0038820352	12207.03125	1506.0	1506.0	1
722417	552903	LC6_021	722416	552901	CasaStorageManagers	0.0038820352	12207.03125	1506.0	1506.0	1
722419	552907	LC6_021	722418	552905	CasaStorageManagers	0.0038820352	12207.03125	1506.0	1506.0	1
722421	552911	LC6_021	722420	552909	CasaStorageManagers	0.0038820352	12207.03125	1506.0	1506.0	1
722423	552915	LC6_021	722422	552913	CasaStorageManagers	0.0038820352	12207.03125	1506.0	1506.0	1
722425	552919	LC6_021	722424	552917	CasaStorageManagers	0.0038820352	12207.03125	1506.0	1506.0	1
722427	552923	LC6_021	722426	552921	CasaStorageManagers	0.0038820352	12207.03125	1506.0	1506.0	1
722429	552927	LC6_021	722428	552925	CasaStorageManagers	0.0038820352	12207.03125	1506.0	1506.0	1
722431	552931	LC6_021	722430	552929	CasaStorageManagers	0.0038820352	12207.03125	1506.0	1506.0	1
722433	552935	LC6_021	722432	552933	CasaStorageManagers	0.0038820352	12207.03125	1506.0	1506.0	1
722435	552939	LC6_021	722434	552937	CasaStorageManagers	0.0038820352	12207.03125	1506.0	1506.0	1
722437	552943	LC6_021	722436	552941	CasaStorageManagers	0.0038820352	12207.03125	1506.0	1506.0	1
722439	552947	LC6_021	722438	552945	CasaStorageManagers	0.0038820352	12207.03125	1506.0	1506.0	1
722441	552951	LC6_021	722440	552949	CasaStorageManagers	0.0038820352	12207.03125	1506.0	1506.0	1
722443	552955	LC6_021	722442	552953	CasaStorageManagers	0.0038820352	12207.03125	1506.0	1506.0	1
722445	552959	LC6_021	722444	552957	CasaStorageManagers	0.0038820352	12207.03125	1506.0	1506.0	1
722447	552963	LC6_021	722446	552961	CasaStorageManagers	0.0038820352	12207.03125	1506.0	1506.0	1
722449	552967	LC6_021	722448	552965	CasaStorageManagers	0.0038820352	12207.03125	1506.0	1506.0	1
722451	552971	LC6_021	722450	552969	CasaStorageManagers	0.0038820352	12207.03125	1506.0	1506.0	1
722453	552975	LC6_021	722452	552973	CasaStorageManagers	0.0038820352	12207.03125	1506.0	1506.0	1
722455	552979	LC6_021	722454	552977	CasaStorageManagers	0.0038820352	12207.03125	1506.0	1506.0	1
722457	552983	LC6_021	722456	552981	CasaStorageManagers	0.0038820352	12207.03125	1506.0	1506.0	1
722459	552987	LC6_021	722458	552985	CasaStorageManagers	0.0038820352	12207.03125	1506.0	1506.0	1
722461	552991	LC6_021	722460	552989	CasaStorageManagers	0.0038820352	12207.03125	1506.0	1506.0	1
722463	552995	LC6_021	722462	552993	CasaStorageManagers	0.0038820352	12207.03125	1506.0	1506.0	1
722465	552999	LC6_021	722464	552997	CasaStorageManagers	0.0038820352	12207.03125	1506.0	1506.0	1
722467	553003	LC6_021	722466	553001	CasaStorageManagers	0.0038820352	12207.03125	1506.0	1506.0	1
722469	553007	LC6_021	722468	553005	CasaStorageManagers	0.0038820352	12207.03125	1506.0	1506.0	1
722471	553011	LC6_021	722470	553009	CasaStorageManagers	0.0038820352	12207.03125	1506.0	1506.0	1
722473	553015	LC6_021	722472	553013	CasaStorageManagers	0.0038820352	12207.03125	1506.0	1506.0	1
722475	553019	LC6_021	722474	553017	CasaStorageManagers	0.0038820352	12207.03125	1506.0	1506.0	1
722477	553023	LC6_021	722476	553021	CasaStorageManagers	0.0038820352	12207.03125	1506.0	1506.0	1
722479	553881	LC6_021	722478	553883	CasaStorageManagers	0.0038820352	12207.03125	1506.0	1506.0	1
722481	553031	LC6_021	722480	553029	CasaStorageManagers	0.0038820352	12207.03125	1506.0	1506.0	1
722483	554105	LC6_021	722482	554107	CasaStorageManagers	0.0038820352	12207.03125	1506.0	1506.0	1
722485	554101	LC6_021	722484	554103	CasaStorageManagers	0.0038820352	12207.03125	1506.0	1506.0	1
722487	553043	LC6_021	722486	553041	CasaStorageManagers	0.0038820352	12207.03125	1506.0	1506.0	1
722489	553047	LC6_021	722488	553045	CasaStorageManagers	0.0038820352	12207.03125	1506.0	1506.0	1
722491	553051	LC6_021	722490	553049	CasaStorageManagers	0.0038820352	12207.03125	1506.0	1506.0	1
722493	553055	LC6_021	722492	553053	CasaStorageManagers	0.0038820352	12207.03125	1506.0	1506.0	1
722495	553059	LC6_021	722494	553057	CasaStorageManagers	0.0038820352	12207.03125	1506.0	1506.0	1
724151	556499	LC6_021	724150	556497	CasaStorageManagers	0.00325238784	12207.03125	1506.0	1506.0	1
724153	556503	LC6_021	724152	556501	CasaStorageManagers	0.00325238784	12207.03125	1506.0	1506.0	1
724155	556507	LC6_021	724154	556505	CasaStorageManagers	0.00325238784	12207.03125	1506.0	1506.0	1
724157	556511	LC6_021	724156	556509	CasaStorageManagers	0.00325238784	12207.03125	1506.0	1506.0	1
724159	556515	LC6_021	724158	556513	CasaStorageManagers	0.00325238784	12207.03125	1506.0	1506.0	1
724161	556519	LC6_021	724160	556517	CasaStorageManagers	0.00325238784	12207.03125	1506.0	1506.0	1
724163	556523	LC6_021	724162	556521	CasaStorageManagers	0.00325238784	12207.03125	1506.0	1506.0	1
724165	556527	LC6_021	724164	556525	CasaStorageManagers	0.00325238784	12207.03125	1506.0	1506.0	1
724167	556531	LC6_021	724166	556529	CasaStorageManagers	0.00325238784	12207.03125	1506.0	1506.0	1
724169	556535	LC6_021	724168	556533	CasaStorageManagers	0.00325238784	12207.03125	1506.0	1506.0	1
724173	556543	LC6_021	724172	556541	CasaStorageManagers	0.00325238784	12207.03125	1506.0	1506.0	1
724175	556547	LC6_021	724174	556545	CasaStorageManagers	0.00325238784	12207.03125	1506.0	1506.0	1
724177	556551	LC6_021	724176	556549	CasaStorageManagers	0.00325238784	12207.03125	1506.0	1506.0	1
724179	556555	LC6_021	724178	556553	CasaStorageManagers	0.00325238784	12207.03125	1506.0	1506.0	1
724181	556559	LC6_021	724180	556557	CasaStorageManagers	0.00325238784	12207.03125	1506.0	1506.0	1
724183	556563	LC6_021	724182	556561	CasaStorageManagers	0.00325238784	12207.03125	1506.0	1506.0	1
724185	556567	LC6_021	724184	556565	CasaStorageManagers	0.00325238784	12207.03125	1506.0	1506.0	1
724187	556571	LC6_021	724186	556569	CasaStorageManagers	0.00325238784	12207.03125	1506.0	1506.0	1
724191	556579	LC6_021	724190	556577	CasaStorageManagers	0.00325238784	12207.03125	1506.0	1506.0	1
724193	556583	LC6_021	724192	556581	CasaStorageManagers	0.00325238784	12207.03125	1506.0	1506.0	1
724195	556587	LC6_021	724194	556585	CasaStorageManagers	0.00325238784	12207.03125	1506.0	1506.0	1
724199	556595	LC6_021	724198	556593	CasaStorageManagers	0.00325238784	12207.03125	1506.0	1506.0	1
724201	556599	LC6_021	724200	556597	CasaStorageManagers	0.00325238784	12207.03125	1506.0	1506.0	1
724209	556615	LC6_021	724208	556613	CasaStorageManagers	0.00325238784	12207.03125	1506.0	1506.0	1
724215	556627	LC6_021	724214	556625	CasaStorageManagers	0.00325238784	12207.03125	1506.0	1506.0	1
724217	556631	LC6_021	724216	556629	CasaStorageManagers	0.00325238784	12207.03125	1506.0	1506.0	1
724219	556635	LC6_021	724218	556633	CasaStorageManagers	0.00325238784	12207.03125	1506.0	1506.0	1
724221	556639	LC6_021	724220	556637	CasaStorageManagers	0.00325238784	12207.03125	1506.0	1506.0	1
724223	556643	LC6_021	724222	556641	CasaStorageManagers	0.00325238784	12207.03125	1506.0	1506.0	1
724225	556647	LC6_021	724224	556645	CasaStorageManagers	0.00325238784	12207.03125	1506.0	1506.0	1
724227	556651	LC6_021	724226	556649	CasaStorageManagers	0.00325238784	12207.03125	1506.0	1506.0	1
724233	556663	LC6_021	724232	556661	CasaStorageManagers	0.00325238784	12207.03125	1506.0	1506.0	1
724235	556667	LC6_021	724234	556665	CasaStorageManagers	0.00325238784	12207.03125	1506.0	1506.0	1
724237	556671	LC6_021	724236	556669	CasaStorageManagers	0.00325238784	12207.03125	1506.0	1506.0	1
724239	556675	LC6_021	724238	556673	CasaStorageManagers	0.00325238784	12207.03125	1506.0	1506.0	1
724241	556679	LC6_021	724240	556677	CasaStorageManagers	0.00325238784	12207.03125	1506.0	1506.0	1
724243	556683	LC6_021	724242	556681	CasaStorageManagers	0.00325238784	12207.03125	1506.0	1506.0	1
724245	556687	LC6_021	724244	556685	CasaStorageManagers	0.00325238784	12207.03125	1506.0	1506.0	1
724249	556695	LC6_021	724248	556693	CasaStorageManagers	0.00325238784	12207.03125	1506.0	1506.0	1
724251	556699	LC6_021	724250	556697	CasaStorageManagers	0.00325238784	12207.03125	1506.0	1506.0	1
724253	556703	LC6_021	724252	556701	CasaStorageManagers	0.00325238784	12207.03125	1506.0	1506.0	1
724255	556707	LC6_021	724254	556705	CasaStorageManagers	0.00325238784	12207.03125	1506.0	1506.0	1
724257	556711	LC6_021	724256	556709	CasaStorageManagers	0.00325238784	12207.03125	1506.0	1506.0	1
724259	556715	LC6_021	724258	556713	CasaStorageManagers	0.00325238784	12207.03125	1506.0	1506.0	1
724261	556719	LC6_021	724260	556717	CasaStorageManagers	0.00325238784	12207.03125	1506.0	1506.0	1
724265	556727	LC6_021	724264	556725	CasaStorageManagers	0.00325238784	12207.03125	1506.0	1506.0	1
724267	556731	LC6_021	724266	556729	CasaStorageManagers	0.00325238784	12207.03125	1506.0	1506.0	1
757913	568767	TESTpostNETRECONFIG	757912	568765	CasaStorageManagers	0.02241939456	48828.125	300.0	300.0	248